<?xml version="1.0" encoding="utf-8"?>
<appengine-web-app xmlns="http://appengine.google.com/ns/1.0">
    <application>swift-climate-91106</application>
    <version>1</version>
    <threadsafe>true</threadsafe>
    <module>default</module>
    <!--vm>true</vm>
    <manual-scaling>
        <instances>1</instances>
    </manual-scaling-->
    
    <system-properties>
        <property name="java.util.logging.config.file" value="WEB-INF/logging.properties"/>
    </system-properties>
    
    <runtime>java8</runtime>
</appengine-web-app>
